text1,text2
妻贤家富贵,心静梦清凉
妈祖护航，摩平海浪通丝路,金瓯合璧，呼唤台澎返锦帆
央视赏联，红联对对传春意,银屏观戏，好戏台台颂党风
相遇是缘共行乐，快也,因联笔社送温馨，悦哉
重楼难锁长门怨,大雅不埋陋室铭
横舟钓雨龙王庙,修忍居然上帝挑
追梦周秦，十几亿炎黄故里,醉心典籍，五千年华夏源头
月夜无风香自远,雨天有泪恨流长
平地耸崇楼，敢与春潮争百丈,天翔兴骏业，愿同民祚共千秋
地在天中，四海名山为第一,心传言外，十方法教是初元
名医治病危，三更到院三更诊,圣药救伤亡，半夜敲门半夜开
自司马天长，线缆一根牛世界,由文风势足，对联两句火家园
澄清江水，洗亮九天悬日月,华丽家园，织成七彩灿城乡
党性为旗帜,民心是尺标
行孝守廉，人生凝聚正能量,崇真尚美，理想形成新坐标
网友同吟，思如江海长流水,联都喜庆，情满潇湘不夜天
高风吹梦想,牛人逞虎威
雅句会寻趣,胡言易倒霉
贵妇花钱焉手软,刁徒作案岂心慌
科学掌舵图强策,技术扬帆魅力源
白云无语陈天道,苍狗扬声啃日头
歌嘹亮,舞婆娑
情感交融，人间尽暖,爱心涌动，大地无寒
红日高照江山美,东风劲吹花木荣
中庭促膝三更话,秋榻倾心八月天
高台跳水,上海卷烟
植树造林，处处黄莺鸣翠海,防污治水，行行白鹭上青天
历尽沧桑，波澜不起,润泽心地，慧海同深
笔生豪气何关酒,日记春风未了情
五百年逃墨归儒，天使番王纳土,四十日修文偃武，我从漳海班师
雪月风花，春夏秋冬谁笔墨,云山烟雨，东西南北我涂鸦
剑吼西风，盖地劈天,犁耕垄亩，秋收冬藏
冰节正人先正己,丹心忧国更忧民
小山居里听秋雨,高岗言游看月花
竹韵松涛清自逸,风台月榭悄无言
羊毫彩绘上河景,椽笔大书正气篇
不辨风尘色,安知天地心
五湖齐赞西递美,四海同贺遗产多
斗室难厮打,开头理论说
舜日,尧天
乔百一,沈万三
亮剑龙江，万里长城永不倒,招魂凌水，一轮红日正东升
求佛之前，须摸着良心责己,出门以后，应换成笑脸对人
四面云山都到眼,万家忧乐最关心
山宾注著皕余卷,恭顺封侯一等功
江湖浪迹无为子,风雨萍踪得道人
花亚深秋悲冷色,谷欣稔岁泛金光
残月江心落,冷风谷底萦
常在智中求胜负,不于世外笑沉浮
山间醴涧邀仙沐,田里华章洗尘愁
尘外箫声起,耳边燕语清
互敬互尊侣，百年偕老,相亲相爱家，万代遐昌
百善孝为先，美德精传中国梦,千书名在后，佳章特写故乡情
游乐乎？出繁冗喧哗以外,观止矣！在虚无缥缈之间
好风飞下晴湍，看云独倚青松坐,游丝轻飏新霁，断虹低系碧山腰
松山雨纷纷，日祭忠魂驱虏事,潞水潮滚滚，时讴英烈卫国情
徘徊亘古,横绝世人
星月有意伴长夜,秋光无情摧落花
进去都是有缘客,归来何须别看山
暮蔼垂帘山渐隐,疏篱存照鸟归林
一溪春水一溪月,十里莺声十里烟
穿云明月悬高塔,摇橹轻舟过小河
爱竹少留枝带径,灌花分破著书功
红联续写吉祥句,细雨轻吟幸运歌
借满天月,读万卷书
故土情深，玉兰素雅乡愁漾,新城景颖，觉树清灵古韵长
风让日,火烧云
立品若清荷，不染心田泥半点,守操如劲竹，自撑风骨节千寻
春风掩映千门柳,暖雨催开万径花
龙津育桃李，桃李满天下,文昌踊栋梁，栋梁济国家
新村盈喜气,小院绕祥云
心中有鬼难安睡,行止无私自在游
喜喜忧忧三百首,兢兢业业几十年
长夜漫漫何日旦,春愁黯黯独成眠
板桥绘画梅兰竹,清照题词雪雨风
西风瘦马羌笛远,关山冷月鼙鼓近
间杂松涛弦隐约,徐行禅院月分明
天涯月好家山远,大漠村孤曲调悲
飘雪迎春，千树披银挂玉,斜阳向晚，一江镶钻烫金
篆文略辨周京作,法馔先从商鼎调
一卷尘氛外,千年刹那间
泉冷三更月,松清四季风
燕雀安知鸿鹄志,蟹虾难步蟒龙行
不求金玉重重贵,但愿子孙个个贤
绿叶红杆，出泥而不染,黄沙白月，入塞岂无思
白菊梳风香满袖,青松沐雨影及身
玉兔腾空，嫦娥翩舞探星宇,蛟龙跃海，航母漫游显国威
计利只计天下利,追功不追一人功
岁月如诗，谁人独秉生花笔,乾坤若器，哪个曾操琢玉刀
白云万里无羁客,翠柏一株有志人
乍雨乍晴春二月,好颜好色旦初时
云锦裁成花朵美,人间充满艳阳春
丽日沐和风，潮涌大河声带绿,灵猴携泰运，春盈中国梦飙红
几垛牛粪炫财富,十万金钱献佛祖
春花不住无情树,碧柳长依温顺溪
常与青山对,久同紫竹邻
海中筏，度大千世界,潮之音，了无量菩提
为文已变当时体,得路方知异日心
两鬓清霜心不老,一头白发气犹豪
却嫌脂粉污颜色,别有天地非人间
祥开黄道，三千诅咒皆能解,光映紫宸，廿八宿神各有司
题诗曾借湖山景,行墨欲求颜柳风
杨穿加冕全能手,威震仰天一世名
欲上青云风给力,如登黑道闪雷人
水光连听动,花风合树吹
奥林匹克,秘密对攻
春风故事轮回几,老板新人变换多
长虹气贯,春水冰为
轻取夕照水,无语下兰舟
彩袖迎风光俎豆,清歌弄月侑壶觞
扫地岂是般若体,闻雷方识祖师禅
布簟梅前，举盏焉无如约雪,支桌柳后，擎杯正有似醉人
时有春花开寂处,恰逢明月照西楼
生机孕句果然妙,出口成章实在狂
水映卿卿同月晤,鱼亲我我与星游
三农舞步伴龙起,万里春风顺义来
明月与谁相顾盼,春花同我互怜惜
舜耕一帘秀,佛醒万客心
金谷多财，栽勤植信玉方长,铜山种梦，浇善施仁花始开
储蓄健康，休闲娱乐,博观德润，生意恒昌
橹摇半壁湖山画,燕剪一堤杨柳烟
晓醒江楼，夺目一窗山水画,闲斟竹苑，怡情四壁管弦声
总统出家谁审核,主席演讲我帮腔
院中瘦梅着雪氅,窗外垂柳别春衣
诗情画意生妙趣,唐韵清风壮奇观
慈航普渡人间难,慧眼常观世上音
送君千尺伤心碧,寄月三分入梦寒
改革呼声高，老凤争鸣雏凤唱,腾飞接力快，大龙引导小龙来
昔岂无夫伤哉？字而未配,今犹是女邈乎？神已若仙
瑶琴多楚调,巧媛出吴闉
八仙故事源头，乐道聆听街巷里,半岛名楼画景，高悬矗立海天间
观胜景,上巅峰
美酒庆丰，九州月共三农醉,金蛇贺岁，四海波随百业腾
装白脸，饰红脸，戏中几脸唱三国,颂英雄，骂奸雄，世上双雄第一人
一壶山水唯君共,十里烟霞执手看
轩听小雨添愁绪,楼赏雪花逸情思
金牛发劲，国富民强辞旧岁,玉虎生威，年丰物阜贺新春
珍爱和平，警惕贼心不死,缅怀先烈，祈求壮志未眠
老秤一斤十六两,新规万秒廿三时
香茶一盏迎新客,薄酒三杯送旧人
有景相邀天下客,无盆不醉画中人
进退兼施兼退进,攻防并用并防攻
脚勤不怕千山远,怀恨未嫌十载长
居来幽谷黄花瘦,隐在深山银蕾妍
脚步踯躅因车故,兄台吝啬试金石
此去莫回头，林泉自有无尘处,从来未忘本，山野可容鄙俗人
昔日羞于谈远志,今时独爱策鸿图
英雄自古多磨难,阔佬从来不差钱
细雨穷驴轻载酒,暖风肥马喜闻鞭
晚景享安闲，众人献爱,髦年归极乐，万事顺心
地静人都逸,山青花欲燃
我虽爱民，毕竟见官非好事,尔如责己，须知恕彼得便宜
梦里情真切,花前意太虚
壑,沟
名校百年龙破壁,长风万里鹤冲天
童言稚语老人色,垢面蓬头隐士心
桃李第随春水绿,桑榆偏向夕阳红
青云紫气群龙会,满月桂香仙子居
临花傍月连清晓,把酒敲诗醉夕阳
梦绕千家常望月,情牵两岸倍思亲
双桨来时，与客携壶，醉卧酒炉侧,梅花过了，问春何在？云落小桥东
云淡风轻林道静,花香鸟语玉堂春
飞花自在秋风处,伤逝缤纷泪雨中
满山柏树云出岫,一路梅花雪打灯
几枝浓翠占春久,一缕清香醉我深
佛殿踞高山，只为法音能远播,禅灯燃永夜，但期尘世可长明
峰峦出岗岭，峻峭巍峨崇岱岳,河海润津沽，潆洄澎湃汇洪流
弘扬法治，国泰政通，神州增靓彩,倡树文明，风清气朗，湛水唱新歌
或许朦胧皆是幻,几番热烈又成灰
文移北斗成天象,月映东窗似玉轮
世界要和平，同盟战火前车鉴,国家谋发展，协约屠刀后辈师
顶烈日，踩烂泥，汗洒稻田成伟业,赤子心，学者气，君呈热血沃中华
送礼使冥钱，真行鬼道,炼丹烧凡汞，大有仙风
顾曲万花深，醉乡莫放笙歌歇,明夜扁舟去，平湖徙倚水云宽
风疏岸柳含情意,月眺江帆顾眷心
传佛祖心灯，法轮常转,授如来衣钵，后继有人
玉虎坠,金雁桥
我欲修仙，可堪化凤长栖此,君来寻胜，切莫惊雏误探巢
鹤比白云先上岗,我同明月共登楼
月作清凉无上主,云为寂寞个中人
峡长六十里，水秀山明，卧龙饮涧,崖象万千姿，峰奇石险，飞虎啸天
宝匣镜昏蝉鬓乱,彩云天远凤楼空
小种千江云作种,懒书一字月当书
须向尘中求不染,且来泉下睡逍遥
几树鹅黄春浅浅,千江鸭绿浪滔滔
古文故人做,一口日月明
爱情佳话流芳远,道德文章济世长
雨歇云还湿,风停水未平
菩萨不轻初学,如来常念众生
落花尚在君何往,醉梦犹存小曲来
待士慕谦让,立身贵廉明
蛇年斟满迎春酒,马岁编成圆梦图
野艾烧不尽,春风吹又青
万里江山披锦绣,十亿神州展鸿图
尽见人才皆北上,何愁江水不东流
出作落息，饮井食耕闲日子,更深月隐，苦读辞赋梦春秋
一脉花香蜂蝶恋,满园春色燕莺忙
秋后萧条绕高树,年前落魄减红包
心田种下悠然梦,眼界超出自在身
一缕轻云山海里,几声暮鼓竹林间
冷讽,热嘲
一口能喷二泉三江四海五湖水,无锡可补十窟百色千孔万象壶
破茧而飞，始信虫鱼皆造化,藏锋以养，应知天地有方圆
临风清俗虑,亲水远浮尘
一枕相思对月老,满腔热血育春浓
灵塔高标，舍利通灵生七彩,圣身永证，涅槃显圣达三乘
茹苦含辛坚壮志,冰清玉洁展高风
有的放矢,没精打采
杯酒亦无聊，座里青衫频顾望,江潮真有信，云中白鹤自归来
新水影摇双槛碧,旧山光映四围青
彩云薄晚苍凉，钩帘半亩藤花雨,青丝傍桥浅系，红锦障泥杏叶鞯
好句不妨灯下草,高年能辨雾中花
荆芥,秦艽
隋炀弑父为君，奚存孝道,吴起杀妻求将，丧尽天伦
贬,褒
因风起浪三千尺,由雨敲窗五百声
望月亭中杯满月,凌烟阁里桂生烟
惩腐除恶民心安,正本清源万木春
身无半亩,心忧天下
小伙子出嫁，打鼓敲锣，全村相送,大姑娘招亲，鸣鞭放炮，合队欢迎
过黑湾，爬鱼坳，一蓑烟雨一场梦,登金顶，拜弥勒，十指春风十万山
上网查经纶,开卷读山川
一入平湖厘作锦,见穿危岫以为衣
拜，请于斯拜,求，且向此求
歌飞远岫云留住,日落长河马饮来
如来对句观音阁,皇帝祈天社稷坛
太白伟奇诗浪漫,遂良潇洒墨圆通
作对报总报对作,回文年全年文回
春如佳酿醉诗心,句似清风淡雅人
剑气文光冲北斗,环山带水绕南台
寒蝉冷月秋风近,瘦马昏鸦古道行
入水不濡，入火不热,与子言孝，与父言慈
一身正气合民意,两袖清风顺党心
玉枕香蕊春宵梦，梦里桑田,盛世江户良辰天，天上人间
小心失足，免欲火焚身，前车可鉴,大胆回头，且金盆洗手，沧海能容
九天瑞气腾佳节,万里和风拂早春
越洋岂悦洋？豪情叩问通天术,留学非流学，壮志包涵中国心
听天籁，六根清净，志存高远,观宇寰，一目了然，心许久安
桃园结义分天下,柳毅传书到故乡
祖国铁龙阵,人民子弟兵
欲行长执手,当去莫回头
星临万户动,月傍九霄悬
五千年美德，洒向人间都是爱,廿四字箴言，融于心底即为春
叶落知风去,花飞觉梦空
白雪青峰千古秀,黄花绿水万家春
苦运匠心，一联雅致痴情琢,偶生灵感，两句清新快意吟
曾经一醉思乡夜,未闻三起望归人
半瓶开胃酒,一醉解心愁
赴四季情，箫引凤凰笛引客,撑一篙韵，梦还秦蜀月还乡
泉声穿曲径,雁影落平沙
牧夕阳，短笛横牛背,歌碧野，长鞭向草原
欣然向我话佳境,犹自吹笙醉碧桃
久盛巷,高第街
梅花几点补窗漏,风月无边随意游
春怀故园茶芽嫩,雨润大地谷穗香
栽桃李，植兰桂,传道德，举俊才
草木芳菲，蝶醉花风春缱绻,涟漪潋滟，云移水影月徘徊
小燕呢喃学对偶,鸳鸯游荡怕孤单
人生方九曲,世事已千回
天眼看人无雅俗,禅心入世即如来
登山拂日月,避世远风云
几点黄花霜打瘦,一山红叶雨洇肥
江中醉我三秋月,陌上寒心一季霜
泉冷古梅花，可与盟心惟白水,亭空孤鹤影，居然埋首共青山
莫忘空谈真误国,当知实干定兴邦
青藤若是不缠树,素月当非愿做媒
莫问花凋春去处,且观树茂夏来时
能将盛事添元化,未必余才解是非
百业飞歌，湖滨书写辉煌赋,千家筑梦，区市迎来发展潮
神灵宝相，北斗众星齐俯仰,法力周天，人间万类总归依
悒悒不乐,郁郁寡欢
随春误入桃花巷,摘月欲登燕子楼
流云怜月淡,漱石恨高岗
日暖华堂归紫燕,春来玉树发青枝
柳线轻垂牵水月,荷衣漫展碍莲舟
古寺千年松做伴,寒山百丈径扶摇
圣威无远近,龙剑有雌雄
送腊迎春，赢来新局面,以民为本，关注最基层
落照苍烟，江上客船帆渐远,朝晖危岭，松间云鹤影徐清
心著联，联悦心，心联媲美,画描景，景如画，画景迎宾
下笔无灵性,贪官有问题
云移花影动,日落鸟巢喧
山雨欲来，且休息片时，再朝金阙,岭云初上，看森严万象，争捧玉皇
几声子夜歌，惨惨凄凄郁郁,一阙章台柳，幽幽恨恨绵绵
秋删春夏冗繁句,孙抹祖坟惊世文
玉树歌残，莫愁紫燕卢家绕,春花曲荡，正好寒蟾桂子馨
迎新岁，举金杯，春满万户,贺丰年，展笑颜，喜盈千家
琦节凌嵩岳,大名薄风雷
暮秋枫叶飘愁绪,深夜昙花展素容
西施湖畔放长线,神女峰头裹白云
鹏程万里凌云志,伟业千秋揽月功
替圣化人归真源,仁智导民升天舟
满天瑞雪培元气,遍地春风焕生机
依法兴邦，国圆大梦展新彩,按规行政，民步小康开锦程
香逸遥天，看古浪翻腾花浪,客迷新景，将沙洲认作瀛洲
万里群山奔笔下,九州风雨到心头
归雁横秋,倦客思家
深院鸟声碎,高楼树影重
团花簇锦乾坤丽,积玉堆金日月辉
帝皇开国开皇帝,十八老乡老八十
假烟岂会无真害,劣酒居然有好评
青山入眼宛如画,碧水于心也是春
福地蕴灵岩，龙山萃锦,泉城聚丰德，题壁飞虹
一盏酒香勾月上,三分禅味沁花间
送去诚心酬四海,迎来信誉达三江
刺虐砭贪辛辣笔,为人处世坦诚心
高阁俯看，一江灯火,侧耳倾听，百味籁声
一拳星满目,两脚火填膺
近水遥山凝佛性,明窗净椅证禅心
凉风多剌意,爽雨总关情
一身傲骨难成就,半点灵犀早发飙
柔丝漫折长亭柳,侍女亲擎玉酒卮
锁梦茶歌莹玉露,含羞剪影滚春图
刘伶笑饮合君酒,李白高歌若水情
草木芳菲，蝶醉花风春缱绻,江山锦绣，蜂寻香蜜客缠绵
衲子泛舟，风吹杯中罗汉,佳人呵镜，云遮月里嫦娥
明月临窗，一枕乡愁人辗转,清风抚竹，无边落寞泪阑珊
分花月下，诗染芳香衣带水,置酒轩前，壶投雅巧共猜谜
四季甘霖，仙乐袅袅桃源村,千年古镇，福泽绵绵二头门
霜落心头雪,春开鬓角花
直呼有幸，偕同在下一天醉,可叹无能，识得此间万卷书
众目睽睽，君子动口又牵手,孤星朗朗，佳人交眸更贴心
投机取巧难长久,左道旁门走不通
碧树林中藏古寨,白云山上觅灵芝
几朵闲云游野寺,一轮冷月照寒江
啼鸟忽临涧,潜龙飞上天
金鸡报晓九州彩,玉宇澄清万里春
来宾行圣道,施礼获秦淮
喜看红楼，春梦催啼鸟,闲临墨池，思情赋笔端
一重阁高接紫气,九畹兰馨滋皇朝
残联难作对,瘸腿照登攀
生材会有用,回首得无忧
中天焕彩云霞丽,大地生辉日月明
人寿年丰，东风和煦农家暖,民安国泰，瑞雪纷飞赤县新
中枢按剑腐藏迹,德政生风廉出头
前贤大院留辉远,盛世高楼拓景宽
春满城乡，山色湖光皆入画,祥盈燕赵，民情风韵自成诗
室满春风联带翠,窗涵秀竹案生凉
水里捞月,雪上加霜
素书天上字,静韵风中弦
白发等闲就有,青春过后不来
若无一部计生法,定有亿名失业郎
百本文章树,千秋茉莉花
植柏栽松春意蕴,树人培德惠风传
倡廉反腐，旗帜火红，锤镰金灿,勤政爱民，沙丘树绿，雪域风和
七夕雨,一剪梅
春风入喜财入户,玉兔还宫客还乡
就业广开门，市循其道皆为场,跳槽同在意，人尽所能即是才
荒鸡啼野店,游子梦家乡
旧岁尽时春入梦,鲜花艳处蝶开心
东风拂蕊桃花艳,细雨梳春扬柳新
无端寂寞蚀于骨,这份相思生了根
天外春回，处处河山添异彩,人间岁换，家家丝管祝鸿禧
春风送暖，千红万紫皆春色,腊月凌寒，独秀群芳有腊梅
鲁迅骨头硬,范曾学问深
一时国粹，各路方家荟璨,万代中华，满天日月星光
欣然迈出从容步,豁达看开混沌天
父授真传无患子,客谋高就不求人
妙玉,宝钗
香风洗礼身心净,杂念消除天地宽
抬头但见舜之日,扑面而来王者风
四处逢迎谄媚，难言低调,一时得意忘形，未免俗流
转绿回黄春手笔,卧红眠翠雨行当
水漫金山，净土木鱼香火乱,霜侵雾都，斜风细雨冰雪寒
呆子登门来贺寿,奸臣上殿去邀功
千载传承，始叫花城越秀,三江汇聚，以成南国中枢
挖蛀虫，树清廉，与民换得宽宽路,肃贪吏，反腐败，为国赢来朗朗天
帘外风初定,闺中梦正酣
开席三杯酒,收场一碗汤
志继前贤弘国粹,范流后世誉联坛
茶香一抹随心淡,酒老三杯伴意浓
家家户户，羞羞答答，吞吞吐吐,校校班班，坦坦荡荡，讲讲学学
横笛引来云入袖,吟风邀得月萦怀
风拨柳弦湖记谱,月敲蛙鼓水传声
浓墨一池，饱蘸羊毫书福字,春光万里，欣怀国梦迈新程
一壶老酒酬山水,三径故园负庙堂
脱颖锋芒露,超凡气度添
莺弄簧，柳堆烟，春醉中原大地,岳为笔，河作砚，诗吟祖国明天
杨阴掩江外,华事集仙家
冬至一阳生，闻风而动梅先怒,春耕万象荣，戴月披星足下行
深居鬼谷，纵横天下,游走哨岗，巡逻边防
引得金鸡啼春晓,自有凤凰落庭台
绿春长驻人康健,红日高悬业盛昌
把心交付百分百,与爱相邀七月七
华夏山清，仙乡胜境,云中水秀，宝地新都
文人常作对,武士更相轻
满目山河空见远,一坛风雨不闻萧
梵音愉悦，近耳聆听佛教诲,法雨温馨，亲身感悟世超脱
心仪景忠，千里禅缘随心至,目仰化境，一山灵秀入目来
碧玉三千垂柳岸,金光万丈耀山川
格外垂青格外怜，勿把芳心空负,特别看重特别爱，应将美意尽收
云中看风景，浮光掠影皆妙谛,雾里听流声，玉宇琼楼不胜寒
金风漫舞竹香子,玉笛横吹蝶恋花
明月临窗，一枕乡愁人辗转,寒秋入目，千般乏味我迷茫
协力齐心，步履雄开奔路广,同舟共济，商机妙握聚财丰
廿年心血浇成字,一卷缥缃岂止诗
住新楼，日日登高观美景,逢盛世，年年享福乐华春
珠玉九天，元音谐乐律,笙簧六籍，太室饫谟觞
民肥官瘦党风正,世盛人和国运昌
身外微名闲置酒,山中甲子好读书
情燃爆竹玫瑰，双节元春同日至,岁迭丑牛寅虎，满门瑞气应时来
在天观雨沉思远,于野望云彩气纷
冷雨侵阶苔泣泪,凄风落絮柳惊魂
闲扫白云寻鸟迹,自锄明月种梅花
旧地重游,妙趣横生
有担当，有追求，千秋长盛,除贫困，除腐败，万众皆歌
牛石留踪，自向人间耕日月,仙家对弈，何须枰上计输赢
碧野青蝈鸣翠豆,明霞白鹤闹清波
宝砚岂容留宿墨,桃花依旧笑春风
春催柳绿迎新岁,雨沐桃红靓小康
未报前恩，顿成永别,追寻遗绪，皆为悲端
路有殊途，须知远小人亲君子,学无止境，但求明大理懂常情
八阵图中绝妙计,七巧节里玲珑心
偶有清风拂乱绪,诸多况味倚黄昏
夜雨敲窗花落泪,晨霜铺地雁启程
操笔遗篇留碣石,关心仗义放华容
狄首领侯封周代,梁国公相任唐朝
凄凉霜叶随流水,寂寞寒蝉傍落花
共仰稼轩道学,咸称起季直言
约得清风陪贵客,斟来桂酒醉红颜
烟波远处江湖老,繁花开时春意浓
礼貌经商，衡量度公平交易,文明待客，老中青一视同仁
多士登瀛成国器,黄公硕老护瓯强
青嶂平开云外壁,绿萝倒挂镜中天
香逾淡处偏成蜜,色到真时欲化云
黑土制墨，毛竹制笔，心音随意写,白水为泉，山石为岩，木门寄闲思
信手拈来萧伯纳,高牛送去郑君绵
结婚登喜路,赴宴敬嘉宾
愿人间铁血长销，冤亲平等,祝我佛金身不坏，信仰自由
地震惊呆日本,浪潮搅乱埃及
无花不世界,有物尽东西
白雪碧峰飞索道,悬崖深谷涌清泉
尝百草，研百草，妙手回春传百草,舍千金，著千金，良方济世胜千金
清江水湛鱼翔底,烟雨雾茫柳扫堤
秋雨潇潇，烂漫黄花铺满径,春风阵阵，玲珑嫩芽挂新枝
昭明逢圣代,雪月助宏才
心中有秤知轻重,脚下无根定晃摇
时际上元，玉烛长调千古乐,月当五夜，花灯遍照万家春
爱我中华多美梦,莫衷一是尽黄粱
公主嫁主公--谁悲谁喜,文成难成文--细虑细思
汇聚祥和人气,开张鼎盛新元
曾是梅花清胜雪,又看新月淡如眉
从来寂寞难求味,自古相思易白头
千秋毁誉一抔土,半世功名无字碑
春花吐艳香千里,快马加鞭跃九州
临风杨柳腰肢软,点水蜻蜓逸致高
梅妻侍笔，虽在尘中轻世味,椹果供亲，更于色别显乌忱
万里慎行船，正气扬帆，忠心掌舵,一生勤扫室，清风在案，明月当窗
前程纵有千般险,斗志始终一样浓
溅玉东江撩梦早,法兰西海啸心惊
上马杀贼，下马作露布,左手持螯，右手执酒杯
云集仙灵，乩馆真言匡盛世,泉津善信，玉台圣水度苍生
游万景奇峰，仙泉入梦,聚四时佳气，老树回春
班荆道故千杯少,脱骨换胎百日功
闲云几朵游山水,窃电百度论过失
芳意饶呈瑞,瑶华自满枝
山有色,水无声
追风骏马绝尘去,噪月寒鸦怯露生
欣培桃李成栋梁,爱写诗文润校园
携秀穿林留倩影,抛球接彩恋乡风
倡廉反腐千秋业,定距立规百世功
凌风知劲节,负霜见直心
赫赫师尹,明明鲁侯
真如镜,超然堂
散十方天女花，超离诸苦,洒一滴甘露水，救济群生
茅亭石濑泉声过,薤簟湘帘日影斜
头逐芦花白,心先桐叶秋
一帘妙曲新弦夜,半本奇书八角楼
楚凤有心，忍辱偷生沽美誉,吴牛喘月，垂头丧气好伤怀
一帘纱幔风撩乱,半窗竹影月朦胧
玉振金声，法治弘公平正义,春风雨露，民生享幸福华年
细肉白皮膘水好，质量保证,兼瘦搭肥斤两足，服务热情
江月照人舟已倦,汀烟锁柳梦微潮
姬姓开宗首源古,牛车灌水五谷丰
土成上院除夕梦,春染东江汗水流
制定措施须有力,违规教授脸丢光
一池碧水吟莲韵,两岸清风舞柳魂
手举鸡毛当令箭,脚登人肋上官阶
风行万里云为翼,日出千山月是朋
手握钓杆生死柄,胸有成竹智谋人
老死不同名利近,平生唯爱竹梅邻
宅旁绿化，化去千家病苦,屋院整洁，洁来万户健康
周礼贯通千古事,斌才融汇百家言
下网后头昏脑胀,上台时眼亮心明
狂书万言，曾将水土达苍古,清歌一曲，欲把浮生问碧霄
玄奘植娑罗，心生善果,菩提开智慧，世纳福音
故地故人稀，明月多情如故,秋风秋水澈，莼鲈逸味知秋
一叶轻舟临碧海,三千弱水入红尘
武汉凭武昌，雄踞武林门派之首,文成因文安，深藏文渊阁楼当中
花燃暮院空啼鸟,蛋作早点填饿肠
笔下无争名利事,杯中不尽苦愁情
魏了翁讲学之区，鹤鸣子和,尹伯奇抚琴于此，山高水长
泉石弹琴静,松涛奏月听
雁字横空天布阵,柳丝钓水岸排兵
月隐竹间作诗影,梅藏雪下留笑颜
德养群生，化育乾坤成大道,心融万法，耕耘岁月启新程
国泰民安衣食足,庭深院静住行优
隐听江声，未倾竹叶三分醉,浅尝肉味，且啖豆花一碗香
逐追华夏梦，一路雄风催马步,题写价值观，千丝好雨润羊毫
浪子无心投市井,军人决志保江山
赏心乐事无伦比,妙色真声兼占之
绝地别开三千界,群峰兀立十万兵
涉渡遣怀，江涌千秋骚韵雅,登临极目，楼藏万象楚风清
总有话题能蹭饭,老无脾气可横秋
红梅扬正气,黄耳报佳音
白与青衡，维天维地,衣同尘战，可飓可飏
映阶芍药翻，幽艳偏宜春雨细,惟有青松在，依然犹伴白云闲
西风飒飒说秋意,落木萧萧吟客愁
实践宣传三代表,欢歌高唱九州春
文海扬帆争上进,卿云焕彩耀前程
美丽田园真养眼,神奇景象更娱心
极清闲地是兰若,双自在处只竹林
仙人指路兵先走,老将闷宫棋已输
水泻寒溪，奔流日月千秋梦,台存浩气，指点江山万里春
旭日浮云卷,春风化雨归
玉液银针，为品新茶常入座,陶壶雅室，爱邀老友共谈诗
老树庭前忘岁月,好山云外隔仙凡
月临玉宇几时梦，谁人弄清影,秋风画扇不堪凉，平淡舞罗衣
顺意民风帆正鼓,倾心国策气如虹
佛法无边，遍飞曼陀花雨,众生感化，俱沐普渡慈云
响传空谷疑仙界,山列诸峰护讲堂
野径铺红霜冷处,西风凋碧雁回时
庭竹悠扬催进酒,苑花烂漫赏忘家
青山傍水千年绿,紫气临空一日红
清吟倚大树,高视据要津
与古镇有缘，来游胜地,愿今生无憾，永住龙门
兰河锦水赊神韵,白发青衣衬好春
为逐香无眠夏梦,因怜柳欲寄春心
抓消防，除灾害，万众康乐,买保险，得安全，九州呈祥
战战兢兢，喜悲皆在一皇位,庸庸碌碌，生死只凭两妇人
学海渊深，宜把晋江当起点,书山路远，可循石鼓上峰巅
带砺河山，禹甸八荒融一统,埙篪伯仲，尧天百越睦千秋
铮铮骨气凛华夏,缕缕英魂伴岳坟
大块寄身皆逆旅,此生到处是蘧庐
蝉吟高树雨初霁,心似澄江月正秋
两岸炎黄欣接触,一国同胞盼团圆
竹影含烟迷蝶梦,莺声入耳动春心
将相失和难决策,庶民造反可移山
树乱流光浮寺影,山嗔神秘问莲花
花遇知音增艳丽,人逢喜事爽精神
夜静山深人语远,寺幽树暗月光寒
南亩东山施德泽,嘉禾秀木享恩荣
送温暖，龙蛇接力,铸和谐，你我同心
笑笑从前，弹剑也曾争草莽,思思眼下，读书难道等华年
月下抚琴谁是客,云间狂舞雨为陪
羊越碧野普天瑞,猴舞华夏遍地春
世界黄金，扫尽尘氛方见道,发肤碧玉，削除烦恼乃看经
功勋队长，数次放飞展翅欣挥剑,信息尖兵，三更苦学成才大创新
足下难当足下苦,鬼才知道鬼才高
换去春衫花骨瘦,舞开绿袖柳姿柔
祖德宗功征祥瑞,子孝孙贤迎腾达
车水马龙农家乐,花香鸟语大地春
胶原蛋白,湿地鸟鸣
励志怡情，品似梅花香入骨,修身养性，心如止水静为神
走近河，总会弄湿脚,飞来石，自然碰破头
半窗月色乡愁起,一枕鸡声旅梦回
出对易，对对难，请先生先对,观联快，联联慢，愿学子学联
风骚一代,仰止高山
章巨雄才扬对帜,吾曹雅志壮联坛
桂蕊骊骊秋正好,萼柎炜炜岁常新
自此天涯无好月,除非乡梦到扁舟
飞瀑流云泉溅玉,水村幽径竹摇风
世事如棋，谁人可辨三五步,诗书似酒，每日须尝一两杯
心仪梅韵倍呵护,居有书香不远行
有书能煮酒,没脸咋为人
蕉分新碧侵书架,桃转沉香落砚台
残枝遮小月,独木映斜阳
领四时先，春风得意,入三教后，旧雨怀柔
长松老鹤不知岁,虚竹苍苔皆有情
充耳太平调,一身迷彩服
人间地狱双层厚,纸上家财万倍低
心宽除小我,意外得超然
情寄丹青，山水有灵欣可染,意讥世事，围城无奈叹钟书
八年抗战，同心戮力驱倭寇,七秩阅兵，亮剑扬威摄鬼魂
春色一帘难入梦,桃花满院自成诗
莫上高楼看柳色,尚留忠字映残阳
黄梅戏说天仙配,紫竹调歌山海经
斋主念书，又是石头记,子衿题赋，无非浪人词
繁茂林园，热汗染成千顷绿,攀升质量，丹心育出万桃红
速战,长征
亭前柳，月下笛，一江春水梅花引,镜中人，楼上曲，二色宫桃乳燕飞
科学发展利当代,低碳生活惠子孙
情缺失魂月,梦游过路人
纳垢藏污终是鬼,吞云吐雾欲成仙
警钟长响，声震中天扬正气,品德常修，情牵百姓荡清风
骊歌响起催人泪,乡曲沉吟诉客怀
城拱北辰通紫极,楼扶间气屹红尘
鸟探云中岳,蝉鸣陌上桑
萱草岂能忘积恨,女娲只解补青天
黄金水道过三峡,碧管油泉胜九江
梧雨凤苞润,松风鹤韵高
风雨依然青燕子,泉林不负白头翁
科技领航，线入千家驱黑暗,和谐引路，缆通万户送光明
身栖草舍，不忘口笔时诛丑,力鼎金銮，宽容与论更拾遗
燕剪春风裁绿叶,牛耕沃土种新禾
讨妻看舅,相女配夫
画面成谱，写尽尘世忠奸善恶,刻皮为影，演出人间是非曲直
白水同其静,黄花为我幽
西风胜似春柔，试梧桐聊分宴俎,斜河拟看星度，驻年华长在琐窗
四海风云怒,九洲黎庶愁
银瀑挂青山，白练高悬谁织就,丹枫燃赤焰，金波远漾梦飞扬
兰亭旧迹，蕴风流，千载斯文盛事,柳口新潮，咏经典，一番清雅华章
高路入云，一阵樵歌夹笑语,水天同色，几星渔火伴归舟
明月有恒，纪年合献九如颂,长春不老，添润当称百岁人
深夜仙踪临雨苑,春风有意动眠花
高人奇士他时史,潜德幽光此地碑
无力松花蛋,留心柳叶眉
庭树荫凉宜酌酒,苑花馥郁好居家
梅红羊奏凯旋曲,雪舞猴呈锦绣图
青红皆是辣,黄紫尽成甜
素玉飞寒冬写意,流金还暖秋抒情
明月双溪水,春风满县花
些许微凉回忆里,几分惆怅晚风中
滚滚清泉，引自三江九渎,潺潺甘露，流来万户千家
琼花曼舞银天地,瑞雪轻歌玉太空
翠鸟啼醒早春梦,艳阳融暖深秋寒
董子大儒，史游小学,高堂治礼，夏侯传书
同船已是百年情份，须当互济,共枕自然前世姻缘，千万珍惜
寒窗闻断梧桐雨,静夜听全桂树风
笔蘸风雷驱虎豹,杯斟日月动乾坤
红袖染香墨,家书抵万金
月色如霜，秋尽方思春梦远,云阶似水，风来又织雨丝长
溪云渐远篙声近,鹭鸟不惊月色沉
风停断岸松涛起,云擦晴峦画面开
化雨春风，洗尽冬寒添绿韵,生光夜月，驱除暮暗洒清辉
千古宽和惟德字,一分淳厚是仁心
各人自律,全家崇德
一生正气垂青史,两袖清风贯长虹
梦入广寒迷月桂,鲤腾黄水跃龙门
钓得虚名添白发,花光积蓄买青春
狮欲称雄须觉醒,国凭梦想要刷新
美人香草花园主,翠柳红桃水榭邻
天纵风毫涂雨幕,地纳水墨染河图
合什观音观自在,勤劳记者记新闻
城乡绿化千秋美,生态平衡万里春
争沾灵气，旅客沐浴海中海,竟祭厚德，渔民香焚仙外仙
妻美妾美客美，美丑自知,上赏中赏下赏，赏罚分明
桂花酿做谁家酒,柳叶裁成娘子衣
朝发夕至,送往迎来
风蕴寒香知菊绽,水滋暖土护花开
暮色垂沉思旧事,落花辗转叹流年
赋新词，翁妪承先为表帅,诵古韵，师生启后展风姿
早春二月花生日,仲夏端阳果熟时
钓客在鱼也在水,樵夫知树更知山
无巧对联不出手,有毒食物最伤肝
欢歌劲舞不眠夜,淡品清风浅醉弦
品茗一世，天井红茶，红红火火,对弈双方，地洞绿水，绿绿清清
桨入芦花疑雪落,舟横野渡看鸥飞
银杏摇风千蝶舞,碧波悬瀑九龙吟
花海行吟蝶恋花，花开美好,锦程迈步春铺锦，锦簇和谐
风月烟花地,江山水墨图
千锤百炼坚心志,三令五申守法规
日往烟萝，幽鸟相逐,月照华屋，碧松之阴
清修无俗气,醉梦有路花
千柱屋，千柱巧缀千千结,万佛岩，万佛同修万万年
二黑小芹堪典范,千秋树理荡新风
已入梅山春路近,初来竹苑月光明
掷地千金，夕阳手笔,出尘不染，明月胸襟
木秀四方，春风共沐荣桃李,金精百炼，朝气偕归富性灵
伴月斋闻籁,孤帆影赶霞
北国神农繁百草,中华圣药抵千金
些许心香同月醉,一帘花气共诗清
须向道中平贵贱,还从物外起田园
一个好,两家亲
惠政频施，百里新村同富裕,春风长驻，一方乐土共和谐
去妇因探邻舍枣,出妻为种后园葵
折柳且堪吟晚槛,采莲将欲寄同心
两,三
豆架,秧畦
虎豹,豺狼
顺遂高怀驰四海,发扬鱼品诵千秋
一管羊毫，喜书华夏新时代,三春碧水，相映枞阳美画图
万象昭苏涵旭日,百花吐艳舞春风
开心见日，阁台光景光台阁,举目赏春，山水画图画水山
喷薄东隅呈赤色,盛开小苑傲秋霜
苦雨愁风惊夜梦,光天化日赶瘟神
钓台圻上，俯看惊涛拍岸,吴囯洲边，静揽巨石旋风
水聚三河，涛浪涛声开画境,景移四季，波清波浊惹诗情
烛影摇红谁赋墨,霜天晓角独吟秋
悬崖道观半空里,梦幻人生一霎中
吟梅香冷齿,折柳翠盈肩
日寇侵华，芦沟炮火熊熊起,英雄抗战，铁马金戈滚滚来
知足知不足,有为有弗为
一园春闹莺声碎,遍地花开蝶影欢
一生多被诗书累,百劫难能慧眼开
雪韵荷香，引来五彩蝴蝶舞翩跹,桃红柳绿，带出三色鸳鸯戏流连
徒守井中天一角,躬行道上理三分
春为岁首,梅占花魁
云影催归燕,残声送暮蝉
山峦崇岱岳，崛峙巍峨出峻岭,河海润津沽，潆洄澎湃汇洪流
久慕太阳城，四合院中说冀梦,早知苏味道，一条街上诵唐诗
小河流水齐白石,寒梅傲雪周冰倩
一花一世界，见微知著,二奶二地天，傍势贪钱
廉洁似秋水,法治重如山
返书归璧,弱冠请缨
天静沙尘远,风流子性狂
修远人生路,抛光物欲心
傻瓜托付王婆卖,苦胆聊同勾践尝
报国传奇，多难兴邦因起舞,感人场景，枕戈待旦愿闻鸡
和风细雨春花艳,曼舞轻歌喜气洋
安知中无蛟龙种,而今人在凤麟洲
除恶失蹉跎，深计请传青史笔,守忠酬知遇，横流不变老臣心
江心岛峙流清远,胜境人来沐直温
诗推杜甫,赋拟扬雄
病人院中施手术,方求海外得心传
有药皆备,取材孔多
书有金石气,画存幽兰香
绿色园，蛙鼓浮萍，蝉鸣翠柳,野生态，鱼翔浅底，鸭戏清波
贪睡春风揉杏眼,爱哭晨露挂桃腮
先生扇莲社清风，刻画六书负鸿博,此地是桃溪深处，渊源一派溯龙泓
遍地云山皆幻境,几椽茅屋得安居
明镜映来新世界,小房玩出大名堂
草丛藏花貌，旁有茂林遮绿水,土岭建茅亭，状如戴笠钓渔翁
普法惠百姓,守律护自身
花落棋盘成妙手,泉流石径抚清音
云雾初开，晨光一派来天外,阁楼高耸，月色三更入画中
瘦梅横春画残雪,冷枫含秋送夏阴
穿石水，断木绳，教给世人多少理,过眼云，转身雾，浮沉宦海几分愚
胜地本来无定主,英才咸喜遇明时
鳌眼铸神奇，岛上油盐何殆尽,蟠矶添趣雅，人间善恶定逢缘
大江东去，一樽还酹西江月,古道龙蟠，众口咸吟蜀道难
股海无常须自警,天心有意励人勤
四面湖光映笑靥，随君嬉戏,一河碧水推轻舟，任我去来
爆竹飞花，四海升平歌富有,金风献瑞，九州安定纳祯祥
老鬼摩肩阿佬至,昏鸦宿树有藤枯
迟迟绿意因何远,淡淡红香为蝶开
障了一心盲二目,喝完几口坐三周
帘前春色应须惜,身外浮名何足论
燕剪祥云镶福字,春铺丽锦拓龙文
鬼子入村烧抢杀,圣人开国夏商周
提壶邀月饮,酌句倚风裁
年年有酒同春醉,月月少花为事忙
春深渐逝桃花味,绿老难忘竹叶青
蝉吮柳芯不畏苦,鬼游龙井也从容
过硬功夫无上下,远虚名者任浮沉
虎伏天门，雄风长在,剑开石路，险象环生
云起风生花写意,乐停舞住女休息
映雀沉山，鸟语湖边聆鸟语,临风酹酒，荷花亭里赏荷花
风云六十年，尧天舜域翻新唱,诗画万千卷，皖水巢湖绽笑颜
挚弟携朋同事主,斥邪辟妄共沾恩
山药亦可填导弹,水烟不能下油锅
心中无半点事,眼前有十二孙
倾国营假宝,武汉练真功
雅举频施，圆大联人梦想,诚心倍至，创新国粹书刊
才华横溢善居下,技艺高超好创新
羊旺三阳泰,雪消五谷丰
龙门泉石香山月,蓬莱烟霞阆苑钟
数点梅花，都散入春风杨柳,几多经历，尽化成秋水文章
戚戚小人，患其得患其未得,谦谦君子，有所为有所不为
闷夜,惊雷
舟水相逢多利弊,江天寥廓更雄浑
才信倾城是真语,不如持我决浮云
带烟插柳阴虽瘦,趁雨栽荷绿已肥
风狂雨啸，残花落地惊春梦,电闪雷鸣，衰日沉洋喻世人
善解风情为雅士,爱牵红线是媒人
书画琴棋不入梦,诗词歌赋可陶情
指点江山添抱负,胸怀日月不迷离
心事闲谈三两字,公伤枉算死一回
花信篇篇催绿返,榆钱串串买春归
念佛求往生净土,观心以解脱幻身
骏逸笔墨书祥瑞,道德文章伴晚年
无花果开花结果,有雨云覆雨乱云
龙阁,鹤厅
盛世修文昌国粹,太平撰对振联坛
雪炼寒江作水晶，神工鬼斧,风雕峭壁成石画，妙手匠心
桃红柳绿春似锦,花好月圆笑如歌
豪情啸大江，醉搭桅弓射奸贼,壮志怀天下，猛挥峰剑斩贪官
报国争当追梦者,迎春乐作领头羊
荷败莲残，落叶归根成老藕,禾黄稻熟，吹糠见米现新粮
空杯可纳千江水,一叶堪察万里秋
闲庭看柳几分月,静夜听花一处幽
倚杖看云，翦灯听雨,赏梅催雪，折柳穿鱼
万山不隔中秋月,百年复见黄河清
月争鸣、泉争鸣，互题清澈春晖谢,风合咏、蛙合咏，相赠恬然夜色潇
出世一横飞甲,浮生闲数落花
暂对松杉如结社,启期天地易知恩
权系民生，身化廉风排腐气,政颁仁策，情如春雨润神州
融汇自然，天地人和三阳开泰,遵循法理，气时运顺万事亨通
欲伴清溪吟竹月,暗伏拙笔渡春秋
清闲是福，且就诗文下酒,散淡如云，总与笔墨关情
清花雕玉液,假酒烂心扉
平安竹,长寿花
大帽子压人，来头不小,花姑娘上轿，满面春风
凤仙飞过生熟地,杜鹃衔来金银花
一壶醉在晨钟处,大梦藏于山水间
党中央惠农、支农、富农，农民喜,老百姓迎春、闹春、乐春，春意浓
股市飘红都满意,面容泛绿总伤心
荷伞遮阳鱼作乐,竹帘卷雨鸟谈天
厨有佳肴凭技艺,房销酱汁靠工勤
楚汉相争，因动地惊天、风流千古,将军犹在，曾于家为国、讴颂一方
秋夜正圆三五月,春寒又别几重山
墨客会文人，对对复对对,情侣邀舞伴，双双又双双
听竹渐入无人境,读月若临不夜天
宝马进门，才算小康序曲,铁牛下地，方为大有欢歌
笑指江山，点点春秋处,闲思岁月，年年雨浪中
落红片片卜心事,归雁声声伤别愁
月隐山幽蝉声寂,星沉水荡印影寒
常将景致前瞻去,莫使流年后悔来
浮云岂可常遮日,落叶应能自得秋
匾嵌箴言含哲理,柜藏宝籍蕴华章
幸福传诗，一笛春风谐凤韵,温馨捧酒，万家暖意启龙年
诸葛三君龙虎狗，蜀吴魏各居其一,世间百态地天人，上下中自有大千
往事难追，残成一地黄花瘦,诗情不老，溢作满空淡月香
着意访梅无雪伴,邀友踏青迎春来
巧作文章书画意,信由墨色古今情
小苑庭前芳草绿,斋堂桌上菜根香
秦观汉书晋帖隋帝,鸡听鸭语李代桃僵
闲对楸枰敲玉子,静观棋局作金人
青山椅，明月灯，陆贾说新语,胜地席，祥云宴，游人沐春风
山立望儿，千秋万古传佳话,馆称慈母，四海九州播爱心
虹收千嶂雨,影入一枝花
宾至诗心燠,友聚翰墨香
春风抱梦，于心有悟拈花笑,山水纵情，偏我无求伴鹤闲
残枝筛碎月,微露滴塞云
清风不醉壶中酒,明月常缠梦里人
砚田小试犁春笔,商海高扬致富帆
何事秋风恼,无由冷月囚
对舞蜻蜓随上下,分飞劳燕任东西
柴门闻犬吠,天井进光辉
归隐深山不问世,闭关锁国尽愚民
火海,金莲
阳春白雪，秦淮河畔柳如是,艺术人生，戏剧银屏李默然
嚼完皮肉喝汤，数肋条多少,咂碎骨头吸髓，看油水几何
邂逅,重逢
饮尽青春诗笔老,歌罢岁月曲调新
孝义高怀诚可敬,普施雅量实堪钦
夜读秋窗，纵观文史知千古,手谈书屋，常待友人到五更
大笔描春，淮上春光红似火,小康织锦，凤台锦绣美如画
大治年中兴伟业,小康路上启新猷
广播电视,小号光标
深墙残院梧桐锁,冷雨寒塘菡萏枯
稀声道隐方为隐,大象形无不是无
旧事重提心已淡,斯人独醉意阑珊
乌金黄土故地,白羊绿野新郊
蓝氏畲家称望族,闵公庆父作冤头
帘卷西风，窗外晚蝉余倦唱,冰封北国，东方晨色一铺红
泡浴舒筋活络,按摩健体养身
梦醉桃花面,天裁羊角尖
兰亭听雨留人醉,柳榭吟风兴致高
班固挥毫，千姿百态牡丹绽,唐僧并掌，五岳三川佛手扬
好趁清风开卷帙,且随明月捣僧衣
八星谈天，三带说地,四宗异教，五族同人
穷途落拓，休提名士多神气,老眼昏花，错认春风是故人
嫦娥赴月，欢歌展示中国梦,骐骥腾云，劲舞迎来小康年
建设文明花似锦,丰收物质玉如烟
南风夏木鸣知了,老酒生姜却病乎
不容易,无困难
春风拂柳相思乱,河岸随波逗趣闲
秦淮水榭花开早,粤地蝉鸣草已春
廉泉多爽口,百姓好舒心
小院折花鸣翠袖,空阶见月吠黄昏
玉树芳兰，满园花醉三千客,风霜日月，六秩汗浇十万株
洗却尘埃身自洁,抛开名利胆尤雄
孤舟月满篷，笑艳秋莲生绿浦,齐歌云绕扇，缥渺霓裳飞碧空
一官一邑，历两荐卓异而归隐,三代三日，合百龄上寿为美谈
说法声如狮吼,挥毫势若龙飞
雁信无凭，相思催白发,音容难觅，泪水湿青衫
跃马扬鞭芳草地,闻鸡起舞杏花天
大道通歧路,贪官有后台
虎啸新天，吼来春色神州美,民逢善政，迈上鹏程骏业娇
学贯中西，无愧神州儿女,志存高远，敢超浩宇鲲鹏
闹中生禅意,静里起善心
闲情懒与俗人论,醉趣休同醒者传
辞章奔放若天马,简帖古秀临来禽
清风惠我，游子思乡逢诞日,才笔欢心，中秋望月寄团圆
楚汉地盘，将帅起兵争霸主,元明词赋，秀才奋笔写佳人
地势,山形
鹤楼仙子迹,龙屋客家风
黄土花开山旦旦,金秋染就玉瑶瑶
双指印,同心栀
创优良环境，迎来锦绣春常驻,建生态文明，实现小康梦更香
洼地,高原
肥胖四因，汤糖躺烫,健美秘方，常唱昶畅
战神终白起,勇冠数黄忠
文物京华盛,风光故国新
彩笔长挥，丽锦美图妆一馆,佳篇乐读，书香花气漾三春
三秩风流，引凤聚高梧，举旗以奋,两行大雅，和龙吟碧宇，为梦而歌
诗犹留梦难医俗,石不能言最动情
欲把相思诉明月,恨无消息寄嫦娥
同心生活能真爱,携手高科才是情
竟惹杨朱歧路泣,莫嘲王济本家痴
树立功勋酬壮志,铨衡利弊展宏猷
莫说二十年重新好汉,矜夸三五件利益后人
春风得意花君醉,细雨抒情月老闲
风流月下花心动,浪荡人间志气消
凌霜秋菊花枝俏,映日红棉血气刚
青山聚萃生骐骥,大木凌风作栋梁
制鲸北海无关我,采菊东篱一径秋
羊驻门庭能聚宝,猴腾天宇可招财
虽是中秋，忙中度过无旁顾,如非国庆，为国原来有远行
一路辉煌，企业大扬龙气魄,多元发展，集团自有海胸怀
偶纵心鹤入三岛,常放形骸忘四时
花儿纵艳深中减,尘梦如烟醒后知
雄心壮志烛光灿,德劭才高学子荣
杏帘飘荡酒香醇，糊涂仙韵,荷裙呈娇诗艳清，平淡客吟
芳随春意满,年共物华增
仙园素女骑金鹿,沃野农夫驾耕牛
三羊启泰桃施韵,一马当先燕恋春
拼客千里，相逢创伟业,联盟万众，齐聚达共赢
一曲豪歌疏块垒,三杯烈酒泯恩仇
日月照千秋，功盖中华燕赵地,江山归一统，威扬南越舜尧天
一把开心锁,两头受气包
举杯邀月风吃醋,无梦拈花佛自如
千山花烂漫,百族舞翩跹
举止超群常露面,声名狼藉很伤心
天马长空好梦,灵羊盛世新春
利国利民，只生一个,成龙成凤，各有千秋
烦恼庸人制造,糊涂太白遗风
职业高尚,教师光荣
万民乐奏和谐曲,百业欣织锦绣图
月小娥眉瘦,身轻袖带肥
日本鱼虾难入口,乌龟倭寇易昏头
泪深意浸故人迹,更长心触旧梦痕
明月不嫌寒舍破,少妻尤喜老夫精
旭日光生，草木有缘皆感化,晨山雪霁，乾坤无处不清凉
报岁钟声联午未,迎春柳色醉山河
云树绕堤沙，青山绿水,芸房连石径，修竹茂林
天上人间脂粉地,洞中鬼窟垢污池
冷月葬花花少韵,寒风摧柳柳多情
飞鸿九万里，谁来南海，同扶羊角,精武百千年，君上西樵，共鉴狮王
红蓼丹枫入画,碧梧绿竹招凉
青山以在云天外,绿水萦回村落旁
绿草青青心眼醉,白云悠悠奶牛肥
描花四季花常好,绘月千年月永圆
欲壑难填开海口,情天不老好风姿
所得睡,科学家
茅屋煮茶翁自饮,西门吹雪剑独横
高节羽书期独传,恭谈祖德朵颐开
有口皆碑齐白石,落芳满院谢英庭
红尘滚滚迷人眼,苦海茫茫累尔心
弹指穷乡成富镇,转眸僻壤变新城
梅岭雪飘，红云被盖素云被,荷塘月满，碧玉盘托白玉盘
两地相思凭月老,双星念想仗鹊桥
鼓腹悠忽醺绿野,披襟唱和与青山
对联学问学联对,遵守道德道守遵
漫说红尘已看破,就等佳节早团圆
墨染梅汁文自傲,窗横竹子意难闲
湖映仙都，德颂中华千古帝,山留圣迹，功歌天下第一祠
管乐悠扬飞海外,卫星迅速绕寰中
裕后,光先
九尊大鼎龙天举,首个都门凤地开
梅雨平添瓜蔓水,豆花新带稻香风
惜墨怕留谶,无盐每吓人
怀柔政策安天下,科技方针富九州
镜海归宗，气壮山河九万里,神州合璧，光辉史牒五千年
愁丝如茧困人久,好梦无端惹泪多
马蹄踏绿小康程，东营飞捷报,羊笔描红中国梦，网络播春风
为抢风头柳失态,因痴月色客倾心
青松叫我扶云上,闲鹤邀谁隐世居
匡章函人，有若胶鬲,盆成梓匠，不胜漆雕
古寺瞰名城，好把晓钟开万户,佛山营帝室，竟与弥陀共一龛
笔下赋诗也痴醉,一声良言可醒人
蝴蝶附书寻绿句,蜻蜓点水戏红莲
贺神十，慰天宫，太空揽胜传捷报,渡银汉，伴星月，华夏扬眉尽笑颜
往事陈堂，明月一怀常正己,立言醒世，清风两袖总为民
鹤背横琴，且为白云弹一曲,舟心置酒，肯邀碧海醉千钟
一卷心经空色相,总编手下尽光头
日亨君子道,天相吉人家
万里春光收卷底,千秋翰墨驻人间
国富民殷，羊毫挥颂千秋业,年丰人寿，燕剪裁成万点春
清香一店千家醉,风味百年万口传
蒲扇桑茶消夏暑,清风煦日话炎凉
读书看报知时务,走马观花懂社情
一笔东风春上色,几弦流水月听琴
忍与鸿毛论轻重,姑从蝉蜕说逍遥
法官违法，办法多多难法办,刑警服刑，罚刑屡屡未刑罚
之所以多年不举,皆因为一夜掏空
南北两支分赛夏,东西一竹度春秋
玉兔醉长江，一塔横波书福字,春风盈闹市，群莺入户贺红年
已瘦诗肩担寂寞,方艾韵脚诉缠绵
无言以对翻白眼,有意为之偷蕙心
美联储集美联社,差遣费神差遣人
探险神农架,寻幽太子岩
吏情更觉沧州远,诗卷长留天地间
观鱼眼，看猴腚，鱼眼鼓猴腚红,李太白，捧玉环，太白笛玉环飞
松涛滚滚翻山过,西风猎猎跃岭出
风雨人生诗作伴,江湖朋友酒为媒
花灿一城，向新春祝福,树高十丈，为古邑添姿
丽句劳相赠,明珠莫暗投
快马乘风追梦想,鹏程励志靓青春
心上相随情义重,人旁言爱意思浓
前前后后，烟云袅袅祝国富,上上下下，情丝缕缕愿民强
载梦上青云，满天星盖中国印,开怀迎远客，遍地人歌奥运情
谁言豪杰已无寻？大义平民百姓,莫说英雄今不在，崇高生命吴斌
双飞彩燕三门暖,一唱雄鸡万里春
继往开来，蹄声似鼓惊天地,兴邦强国，志气如虹展画图
船遇顺风须谨慎,车逢岔路莫糊涂
集聚大千世界于方寸,邮寄一片真心到天涯
折柳鞭春过,回眸看燕斜
远望群峰蒙翡翠,相传故事遍山间
如今花雨纷然下,依旧长江不尽流
满树梨花白胜雪,一江春水碧如簪
父母劬劳，孝行天下千秋乐,家庭美满，和睦世间万事兴
桑竹垂余荫,圭璋满清班
告雁,嗾獒
今岁又相逢，酒薄恐难娱客兴,他朝重会面，鬓斑应自动君容
逍遥云水多风月,浪荡人生少性情
冬虫夏草配春药,东成西就发北京
邻舍黄花初染履,东山白月正销魂
雨湿松阴凉野鹤,风吹荷卷滚珍珠
